en,2g1c
en,2 girls 1 cup
en,acrotomophilia
en,anal
en,anus
en,arsehole
en,ass
en,asshole
en,assmunch
en,auto erotic
en,autoerotic
en,babeland
en,baby batter
en,ball gag
en,ball gravy
en,ball kicking
en,ball licking
en,ball sack
en,ball sucking
en,bangbros
en,bareback
en,barely legal
en,barenaked
en,bastardo
en,bastinado
en,bbw
en,bdsm
en,beaver cleaver
en,beaver lips
en,bestiality
en,bi curious
en,big black
en,big breasts
en,big knockers
en,big tits
en,bimbos
en,birdlock
en,bitch
en,black cock
en,blonde action
en,blonde on blonde action
en,blow j
en,blow your l
en,blue waffle
en,blumpkin
en,bollocks
en,bondage
en,boner
en,boob
en,boobs
en,booty call
en,brown showers
en,brunette action
en,bukkake
en,bulldyke
en,bullet vibe
en,bung hole
en,bunghole
en,busty
en,butt
en,buttcheeks
en,butthole
en,camel toe
en,camgirl
en,camslut
en,camwhore
en,carpet muncher
en,carpetmuncher
en,chocolate rosebuds
en,circlejerk
en,cleveland steamer
en,clit
en,clitoris
en,clover clamps
en,clusterfuck
en,cock
en,cocks
en,coprolagnia
en,coprophilia
en,cornhole
en,cum
en,cumming
en,cunnilingus
en,cunt
en,darkie
en,date rape
en,daterape
en,deep throat
en,deepthroat
en,dick
en,dildo
en,dirty pillows
en,dirty sanchez
en,doggie style
en,doggiestyle
en,doggy style
en,doggystyle
en,dog style
en,dolcett
en,domination
en,dominatrix
en,dommes
en,donkey punch
en,double dong
en,double penetration
en,dp action
en,eat my ass
en,ecchi
en,ejaculation
en,erotic
en,erotism
en,escort
en,ethical slut
en,eunuch
en,faggot
en,fecal
en,felch
en,fellatio
en,feltch
en,female squirting
en,femdom
en,figging
en,fingering
en,fisting
en,foot fetish
en,footjob
en,frotting
en,fuck
en,fuck buttons
en,fudge packer
en,fudgepacker
en,futanari
en,gang bang
en,gay sex
en,genitals
en,giant cock
en,girl on
en,girl on top
en,girls gone wild
en,goatcx
en,goatse
en,gokkun
en,golden shower
en,goodpoop
en,goo girl
en,goregasm
en,grope
en,group sex
en,g-spot
en,guro
en,hand job
en,handjob
en,hard core
en,hardcore
en,hentai
en,homoerotic
en,honkey
en,hooker
en,hot chick
en,how to kill
en,how to murder
en,huge fat
en,humping
en,incest
en,intercourse
en,jack off
en,jail bait
en,jailbait
en,jerk off
en,jigaboo
en,jiggaboo
en,jiggerboo
en,jizz
en,juggs
en,kike
en,kinbaku
en,kinkster
en,kinky
en,knobbing
en,leather restraint
en,leather straight jacket
en,lemon party
en,lolita
en,lovemaking
en,make me come
en,male squirting
en,masturbate
en,menage a trois
en,milf
en,missionary position
en,motherfucker
en,mound of venus
en,mr hands
en,muff diver
en,muffdiving
en,nambla
en,nawashi
en,negro
en,neonazi
en,nigga
en,nigger
en,nig nog
en,nimphomania
en,nipple
en,nipples
en,nsfw images
en,nude
en,nudity
en,nympho
en,nymphomania
en,octopussy
en,omorashi
en,one cup two girls
en,one guy one jar
en,orgasm
en,orgy
en,paedophile
en,panties
en,panty
en,pedobear
en,pedophile
en,pegging
en,penis
en,phone sex
en,piece of shit
en,pissing
en,piss pig
en,pisspig
en,playboy
en,pleasure chest
en,pole smoker
en,ponyplay
en,poof
en,poop chute
en,poopchute
en,porn
en,porno
en,pornography
en,prince albert piercing
en,pthc
en,pubes
en,pussy
en,queaf
en,raghead
en,raging boner
en,rape
en,raping
en,rapist
en,rectum
en,reverse cowgirl
en,rimjob
en,rimming
en,rosy palm
en,rosy palm and her 5 sisters
en,rusty trombone
en,sadism
en,scat
en,schlong
en,scissoring
en,semen
en,sex
en,sexo
en,sexy
en,shaved beaver
en,shaved pussy
en,shemale
en,shibari
en,shit
en,shota
en,shrimping
en,slanteye
en,slut
en,s&m
en,smut
en,snatch
en,snowballing
en,sodomize
en,sodomy
en,spic
en,spooge
en,spread legs
en,strap on
en,strapon
en,strappado
en,strip club
en,style doggy
en,suck
en,sucks
en,suicide girls
en,sultry women
en,swastika
en,swinger
en,tainted love
en,taste my
en,tea bagging
en,threesome
en,throating
en,tied up
en,tight white
en,tit
en,tits
en,titties
en,titty
en,tongue in a
en,topless
en,tosser
en,towelhead
en,tranny
en,tribadism
en,tub girl
en,tubgirl
en,tushy
en,twat
en,twink
en,twinkie
en,two girls one cup
en,undressing
en,upskirt
en,urethra play
en,urophilia
en,vagina
en,venus mound
en,vibrator
en,violet blue
en,violet wand
en,vorarephilia
en,voyeur
en,vulva
en,wank
en,wetback
en,wet dream
en,white power
en,women rapping
en,wrapping men
en,wrinkled starfish
en,xx
en,xxx
en,yaoi
en,yellow showers
en,yiffy
en,zoophilia
da,anus
da,bøsserøv
da,cock
da,fisse
da,fissehår
da,fuck
da,hestepik
da,kussekryller
da,lort
da,luder
da,pik
da,pikhår
da,pikslugeri
da,piksutteri
da,pis
da,røv
da,røvhul
da,røvskæg
da,røvspræke
da,shit
de,analritter
de,arsch
de,arschficker
de,arschlecker
de,arschloch
de,bratze
de,bumsen
de,dödel
de,fick
de,ficken
de,flittchen
de,fratze
de,geil
de,hackfresse
de,hupen
de,hure
de,hurensohn
de,ische
de,kackbratze
de,kacke
de,kacken
de,kampflesbe
de,kimme
de,knackwurst
de,latte
de,lümmel
de,milchtüten
de,MILF
de,möpse
de,morgenlatte
de,möse
de,mucke
de,mufti
de,muschi
de,nackt
de,nippel
de,onanieren
de,picheln
de,pimmel
de,pimpern
de,pinkeln
de,pissen
de,pisser
de,popel
de,poppen
de,porno
de,reudig
de,rosette
de,schabracke
de,scheiße
de,schnackeln
de,tittchen
de,titten
de,vögeln
de,vollpfosten
de,wichsen
de,wichser
es,Asesinato
es,asno
es,bastardo
es,Bollera
es,Cabron
es,Caca
es,Chupada
es,Chupapollas
es,Chupetón
es,concha
es,Concha de tu madre
es,Coño
es,Coprofagía
es,Culo
es,Drogas
es,Esperma
es,Fiesta de salchichas
es,Follador
es,Follar
es,Gilipichis
es,Gilipollas
es,Hacer una paja
es,Haciendo el amor
es,Heroína
es,Hija de puta
es,Hijaputa
es,Hijo de puta
es,Hijoputa
es,Idiota
es,Imbécil
es,infierno
es,Jilipollas
es,Kapullo
es,Lameculos
es,Maciza
es,Macizorra
es,maldito
es,Mamada
es,Marica
es,Maricón
es,Mariconazo
es,martillo
es,Mierda
es,Nazi
es,Orina
es,Pedo
es,Pervertido
es,Pezón
es,Pinche
es,Pis
es,Prostituta
es,Puta
es,Racista
es,Ramera
es,Sádico
es,Semen
es,Sexo
es,Sexo oral
es,Soplagaitas
es,Soplapollas
es,Tetas grandes
es,Tía buena
es,Travesti
es,Trio
es,Verga
es,vete a la mierda
es,Vulva
fr,allumé
fr,allumée
fr,baiser
fr,bander
fr,bigornette
fr,bite
fr,bitte
fr,bloblos
fr,bordel
fr,bosser
fr,bourré
fr,bourrée
fr,branlage
fr,branler
fr,branlette
fr,branleur
fr,branleuse
fr,brouter le cresson
fr,caca
fr,cailler
fr,chatte
fr,chiasse
fr,chier
fr,chiottes
fr,cirer
fr,clito
fr,clitoris
fr,con
fr,connard
fr,connasse
fr,conne
fr,couilles
fr,cramouille
fr,cul
fr,déconne
fr,déconner
fr,doudounes
fr,drague
fr,emmerdant
fr,emmerder
fr,emmerdeur
fr,emmerdeuse
fr,enculé
fr,enculée
fr,enfoiré
fr,enfoirée
fr,étron
fr,fille de pute
fr,fils de pute
fr,flic
fr,folle
fr,foutre
fr,gerber
fr,gouine
fr,grande folle
fr,grogniasse
fr,gueule
fr,jouir
fr,la putain de ta mère
fr,MALPT
fr,maquereau
fr,melon
fr,ménage a trois
fr,merde
fr,merdeuse
fr,merdeux
fr,merlan
fr,meuf
fr,morue
fr,moule
fr,nègre
fr,nique ta mère
fr,noune
fr,palucher
fr,pédale
fr,pédé
fr,péter
fr,pipe
fr,pipi
fr,pisser
fr,poilu
fr,pouffiasse
fr,pousse-crotte
fr,putain
fr,pute
fr,queue
fr,ramoner
fr,salaud
fr,salope
fr,serin
fr,service trois pièces
fr,suce
fr,tante
fr,tapette
fr,teuf
fr,tirer
fr,trick
fr,tringle
fr,tringler
fr,trique
fr,trou du cul
fr,turlute
fr,veuve
fr,viande a pneus
it,allupato
it,ammucchiata
it,anale
it,arrapato
it,arrusa
it,arruso
it,assatanato
it,bagascia
it,bagassa
it,bagnarsi
it,baldracca
it,balle
it,battere
it,battona
it,belino
it,biga
it,bocchinara
it,bocchino
it,bofilo
it,boiata
it,bordello
it,brinca
it,bucaiolo
it,budiùlo
it,buona donna
it,busone
it,cacca
it,caccati in mano e prenditi a schiaffi
it,caciocappella
it,cadavere
it,cagare
it,cagata
it,cagna
it,cammello
it,cappella
it,carciofo
it,carità
it,casci
it,cazzata
it,cazzimma
it,cazzo
it,checca
it,chiappa
it,chiavare
it,chiavata
it,ciospo
it,ciucciami il cazzo
it,coglione
it,coglioni
it,cornuto
it,cozza
it,culattina
it,culattone
it,culo
it,di merda
it,ditalino
it,duro
it,fare unaŠ
it,fava
it,femminuccia
it,fica
it,figa
it,figlio di buona donna
it,figlio di puttana
it,figone
it,finocchio
it,fottere
it,fottersi
it,fracicone
it,fregna
it,frocio
it,froscio
it,fuori come un balcone
it,goldone
it,grilletto
it,guanto
it,guardone
it,incazzarsi
it,incoglionirsi
it,ingoio
it,l'arte bolognese
it,leccaculo
it,lecchino
it,lofare
it,loffa
it,loffare
it,lumaca
it,manico
it,mannaggia
it,merda
it,merdata
it,merdoso
it,mignotta
it,minchia
it,minchione
it,mona
it,monta
it,montare
it,mussa
it,nave scuola
it,nerchia
it,nudo
it,padulo
it,palle
it,palloso
it,patacca
it,patonza
it,pecorina
it,pesce
it,picio
it,pincare
it,pipa
it,pipì
it,pippone
it,pirla
it,pisciare
it,piscio
it,pisello
it,pistola
it,pistolotto
it,pomiciare
it,pompa
it,pompino
it,porca
it,porca madonna
it,porca miseria
it,porca puttana
it,porco due
it,porco zio
it,potta
it,puppami
it,puttana
it,quaglia
it,recchione
it,regina
it,rincoglionire
it,rizzarsi
it,rompiballe
it,ruffiano
it,sbattere
it,sbattersi
it,sborra
it,sborrata
it,sborrone
it,sbrodolata
it,scopare
it,scopata
it,scorreggiare
it,sega
it,slinguare
it,slinguata
it,smandrappata
it,soccia
it,socmel
it,sorca
it,spagnola
it,spompinare
it,sticchio
it,stronza
it,stronzata
it,stronzo
it,succhiami
it,sveltina
it,sverginare
it,tarzanello
it,terrone
it,testa di cazzo
it,tette
it,tirare
it,topa
it,troia
it,trombare
it,uccello
it,vacca
it,vaffanculo
it,vangare
it,venire
it,zinne
it,zio cantante
it,zoccola
ja,3p
ja,g スポット
ja,s ＆ m
ja,sm
ja,sm女王
ja,xx
ja,アジアのかわいい女の子
ja,アスホール
ja,アナリングス
ja,アナル
ja,いたずら
ja,イラマチオ
ja,ウェブカメラ
ja,エクスタシー
ja,エスコート
ja,エッチ
ja,エロティズム
ja,エロティック
ja,オーガズム
ja,オカマ
ja,おしっこ
ja,おしり
ja,おしりのあな
ja,おっぱい
ja,オナニー
ja,オマンコ
ja,おもらし
ja,お尻
ja,カーマスートラ
ja,カント
ja,クリトリス
ja,グループ・セックス
ja,グロ
ja,クンニリングス
ja,ゲイ・セックス
ja,ゲイの男性
ja,ゲイボーイ
ja,ゴールデンシャワー
ja,コカイン
ja,ゴックン
ja,サディズム
ja,しばり
ja,スウィンガー
ja,スカートの中
ja,スカトロ
ja,ストラップオン
ja,ストリップ劇場
ja,スラット
ja,スリット
ja,セクシーな
ja,セクシーな 10 代
ja,セックス
ja,ソドミー
ja,ちんこ
ja,ディープ・スロート
ja,ディック
ja,ディルド
ja,デートレイプ
ja,デブ
ja,テレフォンセックス
ja,ドッグスタイル
ja,トップレス
ja,なめ
ja,ニガー
ja,ヌード
ja,ネオ・ナチ
ja,ハードコア
ja,パイパン
ja,バイブレーター
ja,バック・スタイル
ja,パンティー
ja,ビッチ
ja,ファック
ja,ファンタジー
ja,フィスト
ja,フェティッシュ
ja,フェラチオ
ja,ふたなり
ja,ぶっかけ
ja,フック
ja,プリンス アルバート ピアス
ja,プレイボーイ
ja,ベアバック
ja,ペニス
ja,ペニスバンド
ja,ボーイズラブ
ja,ボールギャグ
ja,ボールを蹴る
ja,ぽっちゃり
ja,ホモ
ja,ポルノ
ja,ポルノグラフィー
ja,ボンテージ
ja,マザー・ファッカー
ja,マスターベーション
ja,まんこ
ja,やおい
ja,やりまん
ja,ユダヤ人
ja,ラティーナ
ja,ラバー
ja,ランジェリー
ja,レイプ
ja,レズビアン
ja,ローター
ja,ロリータ
ja,淫乱
ja,陰毛
ja,革抑制
ja,騎上位
ja,巨根
ja,巨乳
ja,強姦犯
ja,玉なめ
ja,玉舐め
ja,緊縛
ja,近親相姦
ja,嫌い
ja,後背位
ja,合意の性交
ja,拷問
ja,黒人
ja,殺し方
ja,殺人事件
ja,殺人方法
ja,支配
ja,児童性虐待
ja,自己愛性
ja,射精
ja,手コキ
ja,獣姦
ja,女の子
ja,女王様
ja,女子高生
ja,女装
ja,新しいポルノ
ja,人妻
ja,人種
ja,性交
ja,正常位
ja,生殖器
ja,精液
ja,挿入
ja,足フェチ
ja,足を広げる
ja,大陰唇
ja,脱衣
ja,茶色のシャワー
ja,中出し
ja,潮吹き女
ja,潮吹き男性
ja,直腸
ja,剃毛
ja,貞操帯
ja,奴隷
ja,二穴
ja,乳首
ja,尿道プレイ
ja,覗き
ja,売春婦
ja,縛り
ja,噴出
ja,糞
ja,糞尿愛好症
ja,糞便
ja,平手打ち
ja,変態
ja,勃起する
ja,夢精
ja,毛深い
ja,誘惑
ja,幼児
ja,幼児性愛者
ja,裸
ja,裸の女性
ja,乱交
ja,両性
ja,両性具有
ja,両刀
ja,輪姦
ja,卍
ja,宦官
ja,肛門
ja,膣
nl,aardappels afgieteng
nl,achter het raam zitten
nl,afberen
nl,aflebberen
nl,afrossen
nl,afrukken
nl,aftrekken
nl,afwerkplaats
nl,afzeiken
nl,afzuigen
nl,anderhalve man en een paardekop
nl,anita
nl,asbak
nl,aso
nl,bagger schijten
nl,balen
nl,bedonderen
nl,befborstelg
nl,beffen
nl,bekken
nl,belazeren
nl,besodemieterd zijn
nl,besodemieteren
nl,beurt
nl,boemelen
nl,boerelul
nl,boerenpummelg
nl,bokkelul
nl,botergeil
nl,broekhoesten
nl,brugpieperg
nl,buffelen
nl,buiten de pot piesen
nl,da's kloten van de bok
nl,de ballen
nl,de hoer spelen
nl,de hond uitlaten
nl,de koffer induiken
nl,delg
nl,de pijp aan maarten geven
nl,de pijp uitgaan
nl,dombo
nl,draaikontg
nl,driehoog achter wonen
nl,drolg
nl,drooggeiler
nl,droogkloot
nl,een beurt geven
nl,een nummertje maken
nl,een wip maken
nl,eikel
nl,engerd
nl,flamoes
nl,flikken
nl,flikker
nl,gadverdamme
nl,galbak
nl,gat
nl,gedoogzone
nl,geilneef
nl,gesodemieter
nl,godverdomme
nl,graftak
nl,gras maaien
nl,gratenkutg
nl,greppeldel
nl,griet
nl,hoempert
nl,hoer
nl,hoerenbuurt
nl,hoerenloper
nl,hoerig
nl,hol
nl,hufter
nl,huisdealer
nl,johny
nl,kanen
nl,kettingzeugg
nl,klaarkomen
nl,klerebeer
nl,klojo
nl,klooien
nl,klootjesvolk
nl,klootoog
nl,klootzak
nl,kloten
nl,knor
nl,kontg
nl,kontneuken
nl,krentekakker
nl,kut
nl,kuttelikkertje
nl,kwakkieg
nl,liefdesgrot
nl,lul
nl,lul de behanger
nl,lulhannes
nl,lummel
nl,mafketel
nl,matennaaierg
nl,matje
nl,mof
nl,mutsg
nl,naaien
nl,naakt
nl,neuken
nl,neukstier
nl,nicht
nl,oetlul
nl,opgeilen
nl,opkankeren
nl,oprotten
nl,opsodemieteren
nl,op z'n hondjes
nl,op z'n sodemieter geven
nl,opzouten
nl,ouwehoer
nl,ouwehoeren
nl,ouwe rukker
nl,paal
nl,paardelul
nl,palen
nl,penozeg
nl,piesen
nl,pijpbekkieg
nl,pijpen
nl,pik
nl,pleurislaaier
nl,poep
nl,poepen
nl,poot
nl,portiekslet
nl,pot
nl,potverdorie
nl,publiciteitsgeil
nl,raaskallen
nl,reet
nl,reetridder
nl,"reet trappen, voor zijn"
nl,remsporeng
nl,reutelen
nl,rothoer
nl,rotzak
nl,rukhond
nl,rukken
nl,schatje
nl,schijt
nl,schijten
nl,schoft
nl,schuinsmarcheerder
nl,shit
nl,slempen
nl,sletg
nl,sletterig
nl,slik mijn zaad
nl,snolg
nl,spuiten
nl,standje
nl,standje-69g
nl,stoephoer
nl,stootje
nl,strontg
nl,sufferdg
nl,tapijtnek
nl,teefg
nl,temeier
nl,teringlijer
nl,toeter
nl,tongzoeng
nl,triootjeg
nl,trottoir prostituée
nl,trottoirteef
nl,utrecht
nl,vergallen
nl,verkloten
nl,verneuken
nl,viespeuk
nl,vingeren
nl,vleesroos
nl,voor jan lul
nl,voor jan-met-de-korte-achternaam
nl,watje
nl,welzijnsmafia
nl,wijf
nl,wippen
nl,wuftje
nl,zaadje
nl,zakkenwasser
nl,zeiken
nl,zeiker
nl,zuigen
nl,zuiplap
pt,aborto
pt,amador
pt,ânus
pt,aranha
pt,ariano
pt,balalao
pt,bastardo
pt,bicha
pt,biscate
pt,bissexual
pt,boceta
pt,boob
pt,bosta
pt,braulio de borracha
pt,bumbum
pt,burro
pt,cabrao
pt,cacete
pt,cagar
pt,camisinha
pt,caralho
pt,cerveja
pt,chochota
pt,chupar
pt,clitoris
pt,cocaína
pt,colhoes
pt,comer
pt,cona
pt,consolo
pt,corno
pt,cu
pt,dar o rabo
pt,dum raio
pt,esporra
pt,fecal
pt,filho da puta
pt,foda
pt,foda-se
pt,foder
pt,frango assado
pt,gozar
pt,grelho
pt,heroína
pt,heterosexual
pt,homem gay
pt,homoerótico
pt,homosexual
pt,inferno
pt,lésbica
pt,lolita
pt,mama
pt,merda
pt,paneleiro
pt,passar um cheque
pt,pau
pt,peidar
pt,pênis
pt,pinto
pt,porra
pt,puta
pt,puta que pariu
pt,puta que te pariu
pt,queca
pt,sacanagem
pt,saco
pt,torneira
pt,transar
pt,vai-te foder
pt,vai tomar no cu
pt,veado
pt,vibrador
pt,xana
pt,xochota
ru,bychara
ru,byk
ru,chernozhopyi
ru,dolboy'eb
ru,ebalnik
ru,ebalo
ru,ebalom sch'elkat
ru,gol
ru,mudack
ru,opizdenet
ru,osto'eblo
ru,ostokhuitel'no
ru,ot'ebis
ru,otmudohat
ru,otpizdit
ru,otsosi
ru,padlo
ru,pedik
ru,perdet
ru,petuh
ru,pidar gnoinyj
ru,pizda
ru,pizdato
ru,pizdatyi
ru,piz'det
ru,pizdetc
ru,pizdoi nakryt'sja
ru,pizd'uk
ru,piz`dyulina
ru,podi ku'evo
ru,poeben
ru,po'imat' na konchik
ru,po'iti posrat
ru,po khuy
ru,poluchit pizdy
ru,pososi moyu konfetku
ru,prissat
ru,proebat
ru,promudobl'adsksya pizdopro'ebina
ru,propezdoloch
ru,prosrat
ru,raspeezdeyi
ru,raspizdatyi
ru,raz'yebuy
ru,raz'yoba
ru,s'ebat'sya
ru,shalava
ru,styervo
ru,sukin syn
ru,svodit posrat
ru,svoloch
ru,trakhat'sya
ru,trimandoblydskiy pizdoproyob
ru,ubl'yudok
ru,uboy
ru,u'ebitsche
ru,vafl'a
ru,vafli lovit
ru,v pizdu
ru,vyperdysh
ru,vzdrochennyi
ru,yeb vas
ru,za'ebat
ru,zaebis
ru,zalupa
ru,zalupat
ru,zasranetc
ru,zassat
ru,zlo'ebuchy
ru,бардак
ru,бздёнок
ru,блядки
ru,блядовать
ru,блядство
ru,блядь
ru,бугор
ru,во пизду
ru,встать раком
ru,выёбываться
ru,гандон
ru,говно
ru,говнюк
ru,голый
ru,дать пизды
ru,дерьмо
ru,дрочить
ru,другой дразнится
ru,ёбарь
ru,ебать
ru,ебать-копать
ru,ебло
ru,ебнуть
ru,ёб твою мать
ru,жопа
ru,жополиз
ru,играть на кожаной флейте
ru,измудохать
ru,каждый дрочит как он хочет
ru,какая разница
ru,как два пальца обоссать
ru,курите мою трубку
ru,лысого в кулаке гонять
ru,малофя
ru,манда
ru,мандавошка
ru,мент
ru,муда
ru,мудило
ru,мудозмон
ru,наебать
ru,наебениться
ru,наебнуться
ru,на фиг
ru,на хуй
ru,на хую вертеть
ru,на хуя
ru,нахуячиться
ru,невебенный
ru,не ебет
ru,ни за хуй собачу
ru,ни хуя
ru,обнаженный
ru,обоссаться можно
ru,один ебётся
ru,опесдол
ru,офигеть
ru,охуеть
ru,охуйтельно
ru,половое сношение
ru,секс
ru,сиски
ru,спиздить
ru,срать
ru,ссать
ru,траxать
ru,ты мне ваньку не валяй
ru,фига
ru,хапать
ru,хер с ней
ru,хер с ним
ru,хохол
ru,хрен
ru,хуёво
ru,хуёвый
ru,хуем груши околачивать
ru,хуеплет
ru,хуило
ru,хуиней страдать
ru,хуиня
ru,хуй
ru,хуйнуть
ru,хуй пинать
zh,13.0
zh,13点
zh,三级片
zh,下三烂
zh,下贱
zh,个老子的
zh,九游
zh,乳
zh,乳交
zh,乳头
zh,乳房
zh,乳波臀浪
zh,交配
zh,仆街
zh,他奶奶
zh,他奶奶的
zh,他奶娘的
zh,他妈
zh,他妈ㄉ王八蛋
zh,他妈地
zh,他妈的
zh,他娘
zh,他马的
zh,你个傻比
zh,你他马的
zh,你全家
zh,你奶奶的
zh,你她马的
zh,你妈
zh,你妈的
zh,你娘
zh,你娘卡好
zh,你娘咧
zh,你它妈的
zh,你它马的
zh,你是鸡
zh,你是鸭
zh,你马的
zh,做爱
zh,傻比
zh,傻逼
zh,册那
zh,军妓
zh,几八
zh,几叭
zh,几巴
zh,几芭
zh,刚度
zh,刚瘪三
zh,包皮
zh,十三点
zh,卖B
zh,卖比
zh,卖淫
zh,卵
zh,卵子
zh,双峰微颤
zh,口交
zh,口肯
zh,叫床
zh,吃屎
zh,后庭
zh,吹箫
zh,塞你公
zh,塞你娘
zh,塞你母
zh,塞你爸
zh,塞你老师
zh,塞你老母
zh,处女
zh,外阴
zh,大卵子
zh,大卵泡
zh,大鸡巴
zh,奶
zh,奶奶的熊
zh,奶子
zh,奸
zh,奸你
zh,她妈地
zh,她妈的
zh,她马的
zh,妈B
zh,妈个B
zh,妈个比
zh,妈个老比
zh,妈妈的
zh,妈比
zh,妈的
zh,妈的B
zh,妈逼
zh,妓
zh,妓女
zh,妓院
zh,妳她妈的
zh,妳妈的
zh,妳娘的
zh,妳老母的
zh,妳马的
zh,姘头
zh,姣西
zh,姦
zh,娘个比
zh,娘的
zh,婊子
zh,婊子养的
zh,嫖娼
zh,嫖客
zh,它妈地
zh,它妈的
zh,密洞
zh,射你
zh,射精
zh,小乳头
zh,小卵子
zh,小卵泡
zh,小瘪三
zh,小肉粒
zh,小骚比
zh,小骚货
zh,小鸡巴
zh,小鸡鸡
zh,屁眼
zh,屁股
zh,屄
zh,屌
zh,巨乳
zh,干x娘
zh,干七八
zh,干你
zh,干你妈
zh,干你娘
zh,干你老母
zh,干你良
zh,干妳妈
zh,干妳娘
zh,干妳老母
zh,干妳马
zh,干您娘
zh,干机掰
zh,干死CS
zh,干死GM
zh,干死你
zh,干死客服
zh,幹
zh,强奸
zh,强奸你
zh,性
zh,性交
zh,性器
zh,性无能
zh,性爱
zh,情色
zh,想上你
zh,懆您妈
zh,懆您娘
zh,懒8
zh,懒八
zh,懒叫
zh,懒教
zh,成人
zh,我操你祖宗十八代
zh,扒光
zh,打炮
zh,打飞机
zh,抽插
zh,招妓
zh,插你
zh,插死你
zh,撒尿
zh,操你
zh,操你全家
zh,操你奶奶
zh,操你妈
zh,操你娘
zh,操你祖宗
zh,操你老妈
zh,操你老母
zh,操妳
zh,操妳全家
zh,操妳妈
zh,操妳娘
zh,操妳祖宗
zh,操机掰
zh,操比
zh,操逼
zh,放荡
zh,日他娘
zh,日你
zh,日你妈
zh,日你老娘
zh,日你老母
zh,日批
zh,月经
zh,机八
zh,机巴
zh,机机歪歪
zh,杂种
zh,浪叫
zh,淫
zh,淫乱
zh,淫妇
zh,淫棍
zh,淫水
zh,淫秽
zh,淫荡
zh,淫西
zh,湿透的内裤
zh,激情
zh,灨你娘
zh,烂货
zh,烂逼
zh,爛
zh,狗屁
zh,狗日
zh,狗狼养的
zh,玉杵
zh,王八蛋
zh,瓜娃子
zh,瓜婆娘
zh,瓜批
zh,瘪三
zh,白烂
zh,白痴
zh,白癡
zh,祖宗
zh,私服
zh,笨蛋
zh,精子
zh,老二
zh,老味
zh,老母
zh,老瘪三
zh,老骚比
zh,老骚货
zh,肉壁
zh,肉棍子
zh,肉棒
zh,肉缝
zh,肏
zh,肛交
zh,肥西
zh,色情
zh,花柳
zh,荡妇
zh,賤
zh,贝肉
zh,贱B
zh,贱人
zh,贱货
zh,贼你妈
zh,赛你老母
zh,赛妳阿母
zh,赣您娘
zh,轮奸
zh,迷药
zh,逼
zh,逼样
zh,野鸡
zh,阳具
zh,阳萎
zh,阴唇
zh,阴户
zh,阴核
zh,阴毛
zh,阴茎
zh,阴道
zh,阴部
zh,雞巴
zh,靠北
zh,靠母
zh,靠爸
zh,靠背
zh,靠腰
zh,驶你公
zh,驶你娘
zh,驶你母
zh,驶你爸
zh,驶你老师
zh,驶你老母
zh,骚比
zh,骚货
zh,骚逼
zh,鬼公
zh,鸡8
zh,鸡八
zh,鸡叭
zh,鸡吧
zh,鸡奸
zh,鸡巴
zh,鸡芭
zh,鸡鸡
zh,龟儿子
zh,龟头
en,Jami
en,badword50
en,badword78
en,badword52
en,ImproperWords32
en,ImproperWords67
en,ImproperWords65
en,badword98
en,ImproperWords72
en,ImproperWords26
en,ImproperBlog814
en,ImproperBlog554
en,badword83
en,ImproperWords12
en,badword95
